Nama Gambar,Metode,Ground Truth,Hasil OCR,CER (%)
09_CombinedDegradation.jpg,CLAHE,571010122022000056,g Ss oO nS 80 ae PREMERA SZ,144.44
09_CombinedDegradation.jpg,Denoising,571010122022000056,571012022000056,16.67
09_CombinedDegradation.jpg,AdaptiveThreshold,571010122022000056,571012022000056,16.67
07_ColorShift_WarmTint.jpg,CLAHE,571010122022000056,571012022000056,16.67
07_ColorShift_WarmTint.jpg,Denoising,571010122022000056,571012022000056,16.67
07_ColorShift_WarmTint.jpg,AdaptiveThreshold,571010122022000056,571012022000056,16.67
08_JPEGCompression_Artifacts.jpg,CLAHE,571010122022000056,571012022000056,16.67
08_JPEGCompression_Artifacts.jpg,Denoising,571010122022000056,571012022000056,16.67
08_JPEGCompression_Artifacts.jpg,AdaptiveThreshold,571010122022000056,571012022000056,16.67
06_Faded_Underexposed.jpg,CLAHE,571010122022000056,J) 7 oO 00 gs = so ge 2,116.67
06_Faded_Underexposed.jpg,Denoising,571010122022000056,571012022000056,16.67
06_Faded_Underexposed.jpg,AdaptiveThreshold,571010122022000056,571012022000056,16.67
05_LowResolution_Upsampled.jpg,CLAHE,571010122022000056,CG) 3 ki om CeEes bo 25 cae,144.44
05_LowResolution_Upsampled.jpg,Denoising,571010122022000056,571012022000056,16.67
05_LowResolution_Upsampled.jpg,AdaptiveThreshold,571010122022000056,571012022000056,16.67
04_HighNoise.jpg,CLAHE,571010122022000056,pd) >.- ae 2 Q. Mom Sse ee: Or a,172.22
04_HighNoise.jpg,Denoising,571010122022000056,571012022000056,16.67
04_HighNoise.jpg,AdaptiveThreshold,571010122022000056,Pemilik ijazah ini mulai aktif pada semester genap 2018/2019 dengan nomor pokok mahasiswa 1806280520,516.67
03_Blurred.jpg,CLAHE,571010122022000056,571012022000056,16.67
03_Blurred.jpg,Denoising,571010122022000056,571012022000056,16.67
03_Blurred.jpg,AdaptiveThreshold,571010122022000056,"yr"" Bag nae 38s -~ |e fs",133.33
02_LowContrast.jpg,CLAHE,571010122022000056,571012022000056,16.67
02_LowContrast.jpg,Denoising,571010122022000056,571012022000056,16.67
02_LowContrast.jpg,AdaptiveThreshold,571010122022000056,571012022000056,16.67
01_HighQuality_Enhanced.jpg,CLAHE,571010122022000056,571012022000056,16.67
01_HighQuality_Enhanced.jpg,Denoising,571010122022000056,571012022000056,16.67
01_HighQuality_Enhanced.jpg,AdaptiveThreshold,571010122022000056,571012022000056,16.67
