File,Nomor Ijazah OCR,CER,Deteksi Tanda Tangan
09_CombinedDegradation.jpg,3,1.0,KEMUNGKINAN ADA
07_ColorShift_WarmTint.jpg,,1.0,KEMUNGKINAN ADA
08_JPEGCompression_Artifacts.jpg,8,1.0,KEMUNGKINAN ADA
06_Faded_Underexposed.jpg,"4

3

3
80606",1.0,KEMUNGKINAN ADA
05_LowResolution_Upsampled.jpg,"8
0",1.0,KEMUNGKINAN ADA
04_HighNoise.jpg,"2
2
2
8
5
7
8
2 1 8
4
4 38 2
0
1
7 4
2 2
8
8 2
2 2
2 2 2
8
1 8
2
3
1
8 2
8
8 8 2 8 8
8 2 2
4 2
8 2
2
2
7 2 3
1 3 5
2
4 9
7
8 2
6 4 5
5 8 2
3
2
45
1 3 2
1
4 28
8 8
5 680 8
2
7 2 8 8 2
2
7
2 2
8
8
8
2
5
2 2
3 7
30 4 2 3
2 8
8
2
2 4
4 32 2 7
4
2
9007 5 3
2
4
8 8 4
8 2
8
4
20 282
1
48
28
2
5 28 7 5
6
2 78 30
8 4 4
68 8
1
8
2 8
83
7
8 4 8 2
4
8
2 3 2
0
8 20 2
72
1
7
1 358 2
8
8
2
3 8 8
3
8
8
2 4
2
2 5 6
8
8 2
0 3 8
4 2 3 2
88 3
85
1
1
4 5
2 33
08",11.85,KEMUNGKINAN ADA
03_Blurred.jpg,"2
2 4",1.0,KEMUNGKINAN ADA
02_LowContrast.jpg,"8
0
7 2",1.0,KEMUNGKINAN ADA
01_HighQuality_Enhanced.jpg,7,1.0,KEMUNGKINAN ADA
